timestamp,individual,location.lat,location.long,sex,season
8/2/2022 8:19,Fabiano,-3.82639,-40.89533,male,dry
8/2/2022 10:41,Fabiano,-3.82622,-40.89243,male,dry
8/2/2022 10:48,Fabiano,-3.82612,-40.89261,male,dry
8/2/2022 11:03,Fabiano,-3.82621,-40.89251,male,dry
8/2/2022 11:03,Fabiano,-3.82622,-40.89252,male,dry
8/2/2022 11:15,Fabiano,-3.82624,-40.89252,male,dry
8/2/2022 11:50,Fabiano,-3.82539,-40.89183,male,dry
8/2/2022 12:01,Fabiano,-3.82562,-40.89204,male,dry
8/2/2022 12:54,Fabiano,-3.82619,-40.89276,male,dry
8/2/2022 13:02,Fabiano,-3.82549,-40.89204,male,dry
8/2/2022 13:17,Fabiano,-3.82586,-40.89224,male,dry
8/2/2022 13:23,Fabiano,-3.82597,-40.89239,male,dry
8/2/2022 13:52,Fabiano,-3.82613,-40.89262,male,dry
8/2/2022 13:57,Fabiano,-3.82619,-40.89267,male,dry
8/2/2022 14:06,Fabiano,-3.8264,-40.89299,male,dry
8/2/2022 14:14,Fabiano,-3.82626,-40.89306,male,dry
8/2/2022 14:25,Fabiano,-3.82627,-40.89305,male,dry
8/2/2022 14:30,Fabiano,-3.82647,-40.89293,male,dry
8/2/2022 17:00,Fabiano,-3.82758,-40.8951,male,dry
8/2/2022 17:14,Fabiano,-3.82753,-40.89518,male,dry
8/3/2022 11:30,Cordel,-3.8268,-40.89525,female,dry
8/3/2022 11:50,Cordel,-3.82685,-40.8951,female,dry
8/3/2022 12:20,Cordel,-3.82735,-40.89423,female,dry
8/3/2022 12:36,Cordel,-3.82738,-40.89487,female,dry
8/3/2022 12:40,Cordel,-3.82753,-40.89521,female,dry
8/3/2022 12:54,Cordel,-3.82771,-40.89458,female,dry
8/3/2022 12:56,Cordel,-3.82778,-40.89463,female,dry
8/3/2022 13:57,Cordel,-3.82784,-40.89474,female,dry
8/3/2022 14:13,Canjica,-3.8279,-40.89471,male,dry
8/3/2022 14:31,Cordel,-3.82795,-40.89467,female,dry
8/3/2022 14:47,Mucunzá,-3.82801,-40.89474,male,dry
8/5/2022 9:58,Maria Moura,-3.82654,-40.89567,female,dry
8/5/2022 9:59,Maria Moura,-3.82631,-40.89573,female,dry
8/5/2022 10:02,Maria Moura,-3.82671,-40.89572,female,dry
8/5/2022 10:42,Maria Moura,-3.82599,-40.89565,female,dry
8/5/2022 10:43,Maria Moura,-3.82602,-40.89557,female,dry
8/6/2022 12:45,Tapioca,-3.82606,-40.8957,female,dry
8/6/2022 16:40,Tapioca,-3.82675,-40.89363,female,dry
8/7/2022 6:53,Chicó,-3.827,-40.89306,male,dry
8/7/2022 7:06,Chicó,-3.82678,-40.89291,male,dry
8/7/2022 7:12,Chicó,-3.82714,-40.89278,male,dry
8/7/2022 8:54,Chicó,-3.82632,-40.89237,male,dry
8/7/2022 9:35,Chicó,-3.82668,-40.89226,male,dry
8/7/2022 11:23,Chicó,-3.82697,-40.89272,male,dry
8/7/2022 11:30,Chicó,-3.8269,-40.89272,male,dry
8/7/2022 11:34,Chicó,-3.82696,-40.89281,male,dry
8/7/2022 11:40,Chicó,-3.82708,-40.89268,male,dry
8/7/2022 14:08,Chicó,-3.82674,-40.89353,male,dry
8/7/2022 14:37,Chicó,-3.82677,-40.89355,male,dry
8/7/2022 16:25,Chicó,-3.82771,-40.89517,male,dry
8/7/2022 16:28,Chicó,-3.82768,-40.89513,male,dry
8/10/2022 8:46,Maria Bonita,-3.82673,-40.89507,female,dry
8/10/2022 9:12,Maria Bonita,-3.82662,-40.89489,female,dry
8/10/2022 9:14,Maria Bonita,-3.8268,-40.89506,female,dry
8/10/2022 9:35,Maria Bonita,-3.82669,-40.89513,female,dry
8/10/2022 10:57,Maria Bonita,-3.82733,-40.89349,female,dry
8/10/2022 11:20,Maria Bonita,-3.82719,-40.89337,female,dry
8/10/2022 17:16,Maria Bonita,-3.82687,-40.895,female,dry
8/11/2022 7:45,Cajuína,-3.82658,-40.89365,female,dry
8/11/2022 7:45,Cajuína,-3.82684,-40.89361,female,dry
8/11/2022 7:50,Cajuína,-3.82686,-40.89369,female,dry
8/11/2022 10:00,Cajuína,-3.82652,-40.89197,female,dry
8/11/2022 10:50,Cajuína,-3.82565,-40.89175,female,dry
8/11/2022 11:03,Cajuína,-3.82585,-40.89128,female,dry
8/11/2022 14:06,Cajuína,-3.82758,-40.89512,female,dry
8/11/2022 15:20,Cajuína,-3.82781,-40.89798,female,dry
8/11/2022 15:54,Cajuína,-3.8276,-40.89855,female,dry
8/11/2022 16:53,Fabiano,-3.82571,-40.90036,male,dry
8/11/2022 17:23,Fabiano,-3.82565,-40.90029,male,dry
8/12/2022 8:20,Baião,-3.82736,-40.89726,male,dry
8/12/2022 8:25,Baião,-3.82737,-40.89718,male,dry
8/12/2022 9:07,Baião,-3.8273,-40.89656,male,dry
8/12/2022 9:12,Baião,-3.82729,-40.89656,male,dry
8/12/2022 12:18,Baião,-3.82735,-40.89473,male,dry
8/12/2022 13:31,Baião,-3.82727,-40.89517,male,dry
8/12/2022 14:25,Baião,-3.8272,-40.89509,male,dry
8/12/2022 16:25,Baião,-3.82732,-40.89759,male,dry
8/13/2022 8:08,Xote,-3.82732,-40.8975,female,dry
8/13/2022 8:13,Xote,-3.82733,-40.89748,female,dry
8/13/2022 8:15,Xote,-3.82745,-40.8974,female,dry
8/13/2022 9:16,Xote,-3.82743,-40.89751,female,dry
8/13/2022 9:25,Xote,-3.8273,-40.89748,female,dry
8/13/2022 9:50,Xote,-3.82735,-40.89746,female,dry
8/13/2022 10:05,Xote,-3.82739,-40.89773,female,dry
8/13/2022 11:17,João Grilo,-3.8275,-40.89769,male,dry
8/13/2022 12:02,Xote,-3.82815,-40.89856,female,dry
8/13/2022 13:54,Xote,-3.82753,-40.89948,female,dry
8/13/2022 15:10,Fabiano,-3.82654,-40.90038,male,dry
8/13/2022 15:38,Maria Moura,-3.82595,-40.90066,female,dry
8/14/2022 7:44,Mucunzá,-3.82658,-40.89528,male,dry
8/14/2022 8:42,Mucunzá,-3.8262,-40.89563,male,dry
8/14/2022 8:52,Mucunzá,-3.82723,-40.89418,male,dry
8/14/2022 9:14,Mucunzá,-3.82667,-40.89511,male,dry
8/14/2022 10:02,Mucunzá,-3.82728,-40.89427,male,dry
8/14/2022 10:30,Mucunzá,-3.82747,-40.8947,male,dry
8/14/2022 10:35,Mucunzá,-3.8275,-40.89443,male,dry
8/14/2022 11:27,Mucunzá,-3.8274,-40.89446,male,dry
8/14/2022 13:01,Mucunzá,-3.82726,-40.89376,male,dry
8/14/2022 13:27,Mucunzá,-3.82717,-40.89394,male,dry
8/14/2022 13:35,Mucunzá,-3.82663,-40.89424,male,dry
8/14/2022 13:37,Mucunzá,-3.82714,-40.89345,male,dry
8/14/2022 14:09,Mucunzá,-3.82734,-40.89434,male,dry
8/17/2022 10:35,Mucunzá,-3.82611,-40.89859,male,dry
8/17/2022 10:47,Fabiano,-3.82618,-40.89928,male,dry
8/17/2022 10:49,Fabiano,-3.82616,-40.89927,male,dry
8/17/2022 10:58,Mucunzá,-3.82646,-40.89913,male,dry
8/17/2022 12:38,Fabiano,-3.8266,-40.89888,male,dry
8/17/2022 12:52,Maria Moura,-3.82642,-40.89945,female,dry
8/17/2022 12:59,Maria Moura,-3.82678,-40.89905,female,dry
8/17/2022 13:03,Cuscuz,-3.82686,-40.89905,male,dry
8/17/2022 13:25,Maria Bonita,-3.82716,-40.89874,female,dry
8/17/2022 13:38,Baleia,-3.82734,-40.89895,female,dry
8/17/2022 14:20,João Grilo,-3.8271,-40.89965,male,dry
8/17/2022 14:45,João Grilo,-3.82693,-40.89943,male,dry
8/17/2022 14:50,Canjica,-3.82714,-40.89969,male,dry
8/18/2022 11:12,Conceição,-3.82737,-40.8986,female,dry
8/18/2022 11:21,Conceição,-3.82721,-40.8984,female,dry
8/18/2022 11:32,Conceição,-3.82716,-40.89846,female,dry
8/18/2022 12:02,Conceição,-3.82707,-40.89831,female,dry
8/18/2022 13:40,Chicó,-3.827,-40.8988,male,dry
8/18/2022 15:02,Conceição,-3.82593,-40.90004,female,dry
8/18/2022 15:06,Conceição,-3.82581,-40.9002,female,dry
8/18/2022 15:21,Conceição,-3.82585,-40.90009,female,dry
8/18/2022 15:28,Conceição,-3.82602,-40.90003,female,dry
8/18/2022 15:32,Conceição,-3.82603,-40.90005,female,dry
8/18/2022 15:37,Conceição,-3.82563,-40.90006,female,dry
8/19/2022 12:35,Cuscuz,-3.82721,-40.89693,male,dry
8/19/2022 13:39,Cuscuz,-3.82728,-40.89675,male,dry
8/19/2022 14:19,Cuscuz,-3.82721,-40.89686,male,dry
8/20/2022 9:37,Baleia,-3.82687,-40.89365,female,dry
8/20/2022 11:22,Baleia,-3.82555,-40.89177,female,dry
8/20/2022 11:39,Baleia,-3.82537,-40.89175,female,dry
8/20/2022 12:07,Baleia,-3.82537,-40.89183,female,dry
8/20/2022 13:36,Baleia,-3.82583,-40.8925,female,dry
8/20/2022 13:43,Baleia,-3.8258,-40.8925,female,dry
8/20/2022 16:21,Baleia,-3.82758,-40.89452,female,dry
8/21/2022 13:05,João Grilo,-3.82704,-40.89392,male,dry
8/21/2022 13:25,João Grilo,-3.82688,-40.89384,male,dry
8/21/2022 14:12,João Grilo,-3.82685,-40.89395,male,dry
8/21/2022 14:24,João Grilo,-3.82695,-40.89415,male,dry
9/15/2022 8:09,Chicó,-3.82625,-40.90029,male,dry
9/15/2022 8:28,Mucunzá,-3.82604,-40.90025,male,dry
9/15/2022 8:40,Maria Moura,-3.82591,-40.90006,female,dry
9/15/2022 9:24,Fabiano,-3.82556,-40.90018,male,dry
9/15/2022 11:40,Mucunzá,-3.82626,-40.90049,male,dry
9/15/2022 11:42,Cajuína,-3.82627,-40.90048,female,dry
9/15/2022 11:44,Canjica,-3.82627,-40.90046,male,dry
9/15/2022 11:58,Canjica,-3.82598,-40.90035,male,dry
9/15/2022 12:00,Tapioca,-3.82592,-40.90028,female,dry
9/15/2022 12:43,Cuscuz,-3.82533,-40.90062,male,dry
9/15/2022 12:57,Fabiano,-3.82524,-40.90075,male,dry
9/15/2022 12:59,Maria Moura,-3.8252,-40.90077,female,dry
9/15/2022 13:18,Fabiano,-3.82528,-40.90069,male,dry
9/16/2022 8:40,Mucunzá,-3.82741,-40.89729,male,dry
9/16/2022 9:16,Mucunzá,-3.82765,-40.89763,male,dry
9/16/2022 9:23,Mucunzá,-3.82753,-40.89762,male,dry
9/16/2022 11:06,Mucunzá,-3.82737,-40.89861,male,dry
9/16/2022 12:26,Mucunzá,-3.82607,-40.90063,male,dry
9/19/2022 11:40,Cuscuz,-3.82619,-40.89495,male,dry
9/19/2022 11:45,Cuscuz,-3.8262,-40.89497,male,dry
9/19/2022 12:00,Cuscuz,-3.8265,-40.89494,male,dry
9/19/2022 13:59,Cuscuz,-3.82611,-40.8964,male,dry
9/20/2022 7:07,Tapioca,-3.82737,-40.89702,female,dry
9/20/2022 7:12,Tapioca,-3.8272,-40.89694,female,dry
9/20/2022 14:18,Fabiano,-3.8263,-40.90098,male,dry
9/21/2022 10:04,Maria Bonita,-3.82829,-40.89671,female,dry
9/21/2022 10:56,Maria Bonita,-3.82823,-40.89652,female,dry
9/21/2022 11:32,Maria Bonita,-3.82734,-40.89681,female,dry
9/21/2022 11:41,Maria Bonita,-3.82738,-40.89681,female,dry
9/21/2022 14:38,Chicó,-3.82692,-40.89992,male,dry
9/21/2022 14:46,Fabiano,-3.82711,-40.89988,male,dry
9/21/2022 15:15,Cajuína,-3.82697,-40.9007,female,dry
9/22/2022 12:05,Cajuína,-3.82519,-40.90252,female,dry
9/22/2022 12:27,Fabiano,-3.82513,-40.90244,male,dry
9/23/2022 8:46,Cajuína,-3.82615,-40.90106,female,dry
9/23/2022 9:48,Canjica,-3.82548,-40.90091,male,dry
9/23/2022 10:23,Fabiano,-3.82528,-40.90087,male,dry
9/23/2022 10:33,Baleia,-3.82556,-40.9007,female,dry
9/23/2022 10:52,Fabiano,-3.82537,-40.90102,male,dry
9/24/2022 8:57,Cajuína,-3.82711,-40.89574,female,dry
9/24/2022 9:00,Cajuína,-3.82716,-40.89586,female,dry
9/24/2022 9:58,Cajuína,-3.82631,-40.89271,female,dry
9/24/2022 10:03,Cajuína,-3.82753,-40.89474,female,dry
9/24/2022 10:11,Chicó,-3.82745,-40.89444,male,dry
9/24/2022 10:56,Cajuína,-3.82618,-40.89283,female,dry
9/24/2022 11:04,Cajuína,-3.82627,-40.89263,female,dry
9/24/2022 11:05,Cajuína,-3.82637,-40.89276,female,dry
9/24/2022 11:09,Cajuína,-3.82627,-40.89265,female,dry
9/24/2022 11:15,Fabiano,-3.82746,-40.89447,male,dry
9/24/2022 12:11,Cajuína,-3.82638,-40.89276,female,dry
9/24/2022 13:08,Cajuína,-3.8267,-40.8936,female,dry
9/24/2022 13:14,Cajuína,-3.82675,-40.89361,female,dry
9/24/2022 15:37,Cajuína,-3.82651,-40.89578,female,dry
9/24/2022 16:03,Cajuína,-3.8267,-40.8956,female,dry
9/25/2022 10:56,Cuscuz,-3.82622,-40.89517,male,dry
9/26/2022 14:51,Canjica,-3.82473,-40.89966,male,dry
9/27/2022 8:58,Chicó,-3.82717,-40.8998,male,dry
9/27/2022 9:07,Chicó,-3.82746,-40.89968,male,dry
9/27/2022 11:35,Canjica,-3.82721,-40.8997,male,dry
9/27/2022 12:16,Chicó,-3.82717,-40.89991,male,dry
9/30/2022 7:32,João Grilo,-3.8269,-40.89489,male,dry
9/30/2022 7:52,João Grilo,-3.82679,-40.89544,male,dry
9/30/2022 8:04,João Grilo,-3.82682,-40.89527,male,dry
9/30/2022 8:34,João Grilo,-3.82719,-40.89496,male,dry
9/30/2022 11:08,João Grilo,-3.82662,-40.89254,male,dry
9/30/2022 11:16,João Grilo,-3.82697,-40.89337,male,dry
9/30/2022 11:21,João Grilo,-3.82664,-40.89258,male,dry
9/30/2022 11:26,João Grilo,-3.82648,-40.89244,male,dry
9/30/2022 11:40,João Grilo,-3.82671,-40.89243,male,dry
9/30/2022 12:25,João Grilo,-3.82588,-40.89184,male,dry
9/30/2022 12:27,João Grilo,-3.8257,-40.89191,male,dry
10/4/2022 12:16,Mucunzá,-3.82746,-40.89967,male,dry
10/6/2022 9:35,Baleia,-3.82796,-40.89786,female,dry
10/6/2022 13:46,Conceição,-3.82696,-40.89969,female,dry
10/7/2022 9:14,Fabiano,-3.82712,-40.89362,male,dry
10/7/2022 9:15,Fabiano,-3.82715,-40.89348,male,dry
10/7/2022 9:48,Fabiano,-3.82673,-40.89292,male,dry
10/7/2022 14:43,Fabiano,-3.82657,-40.89558,male,dry
10/7/2022 15:17,Fabiano,-3.82648,-40.89495,male,dry
10/7/2022 15:20,Fabiano,-3.82653,-40.89512,male,dry
10/7/2022 15:22,Fabiano,-3.82636,-40.8952,male,dry
10/7/2022 15:31,Fabiano,-3.82673,-40.89524,male,dry
10/7/2022 15:33,Fabiano,-3.82669,-40.89519,male,dry
10/7/2022 15:44,Fabiano,-3.82661,-40.8955,male,dry
10/10/2022 8:01,Chicó,-3.82743,-40.89728,male,dry
10/10/2022 10:03,Chicó,-3.82671,-40.89546,male,dry
10/10/2022 10:21,Chicó,-3.82647,-40.89497,male,dry
10/10/2022 10:29,Chicó,-3.82624,-40.89446,male,dry
10/10/2022 11:48,Chicó,-3.82678,-40.89373,male,dry
10/10/2022 11:49,Chicó,-3.82632,-40.8927,male,dry
10/10/2022 12:06,Chicó,-3.82705,-40.89355,male,dry
10/10/2022 12:19,Chicó,-3.82663,-40.89379,male,dry
10/10/2022 12:51,Chicó,-3.82621,-40.89281,male,dry
10/10/2022 13:01,Chicó,-3.82633,-40.89254,male,dry
10/10/2022 13:11,Chicó,-3.82608,-40.89269,male,dry
10/10/2022 13:50,Chicó,-3.82621,-40.89267,male,dry
10/10/2022 14:01,Chicó,-3.8261,-40.89283,male,dry
10/10/2022 14:05,Chicó,-3.82631,-40.89258,male,dry
10/10/2022 14:07,Chicó,-3.82632,-40.8926,male,dry
10/10/2022 14:16,Chicó,-3.82634,-40.89263,male,dry
10/10/2022 15:40,Chicó,-3.82633,-40.89393,male,dry
10/10/2022 15:50,Chicó,-3.82627,-40.89412,male,dry
10/12/2022 8:59,Conceição,-3.8279,-40.89795,female,dry
10/12/2022 9:02,Conceição,-3.82785,-40.89796,female,dry
10/12/2022 13:31,Conceição,-3.82815,-40.89748,female,dry
10/13/2022 7:20,Cajuína,-3.82752,-40.89664,female,dry
10/13/2022 7:30,Cajuína,-3.82733,-40.89651,female,dry
10/13/2022 7:51,Cajuína,-3.82715,-40.89583,female,dry
10/13/2022 9:05,Cajuína,-3.82687,-40.8953,female,dry
10/13/2022 9:10,Cajuína,-3.82697,-40.89525,female,dry
10/13/2022 9:11,Cajuína,-3.82687,-40.89521,female,dry
10/13/2022 10:29,Cajuína,-3.82663,-40.89342,female,dry
10/13/2022 10:34,Cajuína,-3.82666,-40.8935,female,dry
10/13/2022 14:20,Cajuína,-3.82591,-40.89201,female,dry
10/13/2022 15:10,Cajuína,-3.82619,-40.89258,female,dry
10/14/2022 6:53,Canjica,-3.82577,-40.89617,male,dry
10/14/2022 7:06,Canjica,-3.8261,-40.89633,male,dry
10/14/2022 9:14,Canjica,-3.82724,-40.89981,male,dry
10/14/2022 9:21,Canjica,-3.82721,-40.89978,male,dry
10/14/2022 10:57,Canjica,-3.82693,-40.8994,male,dry
10/14/2022 11:10,Canjica,-3.82693,-40.89942,male,dry
10/14/2022 12:31,Canjica,-3.82653,-40.89925,male,dry
10/14/2022 14:15,João Grilo,-3.82561,-40.89988,male,dry
10/14/2022 14:30,Canjica,-3.82578,-40.90015,male,dry
10/15/2022 7:48,Maria Moura,-3.82742,-40.89699,female,dry
10/15/2022 8:26,Maria Moura,-3.82735,-40.89671,female,dry
10/15/2022 8:27,Maria Moura,-3.82731,-40.89673,female,dry
10/15/2022 8:29,Maria Moura,-3.82736,-40.89681,female,dry
10/15/2022 9:04,Maria Moura,-3.82638,-40.89634,female,dry
10/15/2022 9:28,Maria Moura,-3.82658,-40.89552,female,dry
10/15/2022 10:12,Maria Moura,-3.82646,-40.89574,female,dry
10/15/2022 10:17,Maria Moura,-3.82646,-40.8957,female,dry
10/15/2022 10:25,Maria Moura,-3.82659,-40.8956,female,dry
10/15/2022 10:27,Maria Moura,-3.82667,-40.8955,female,dry
10/15/2022 12:01,Maria Moura,-3.82728,-40.89373,female,dry
10/15/2022 12:20,Maria Moura,-3.82712,-40.89381,female,dry
10/16/2022 7:27,João Grilo,-3.82654,-40.89573,male,dry
10/16/2022 7:36,João Grilo,-3.82642,-40.89554,male,dry
10/16/2022 7:39,João Grilo,-3.82654,-40.89539,male,dry
10/16/2022 8:54,João Grilo,-3.82744,-40.89492,male,dry
10/16/2022 9:59,Fabiano,-3.82652,-40.89272,male,dry
10/16/2022 12:32,João Grilo,-3.82592,-40.89211,male,dry
10/16/2022 12:52,João Grilo,-3.82658,-40.89279,male,dry
10/16/2022 13:43,João Grilo,-3.82687,-40.89282,male,dry
10/16/2022 13:48,João Grilo,-3.82683,-40.89257,male,dry
10/16/2022 14:27,João Grilo,-3.82702,-40.89276,male,dry
10/16/2022 15:49,João Grilo,-3.82684,-40.89333,male,dry
10/21/2022 8:11,João Grilo,-3.82678,-40.89508,male,dry
10/21/2022 15:13,Maria Bonita,-3.82673,-40.89525,female,dry
10/23/2022 9:50,Xote,-3.82717,-40.89584,female,dry
10/24/2022 8:02,Tapioca,-3.8264,-40.89527,female,dry
10/28/2022 9:15,Tapioca,-3.82643,-40.89289,female,dry
10/28/2022 9:23,Tapioca,-3.82624,-40.8927,female,dry
10/28/2022 10:31,Tapioca,-3.82531,-40.89165,female,dry
10/28/2022 10:31,Tapioca,-3.82543,-40.8918,female,dry
10/28/2022 10:42,Tapioca,-3.82561,-40.89192,female,dry
10/28/2022 12:23,Tapioca,-3.82547,-40.89206,female,dry
10/28/2022 12:27,Tapioca,-3.82548,-40.89201,female,dry
10/28/2022 14:10,Tapioca,-3.82635,-40.89272,female,dry
10/28/2022 14:26,Tapioca,-3.82634,-40.89309,female,dry
10/28/2022 16:07,Tapioca,-3.82615,-40.89552,female,dry
10/28/2022 16:16,Tapioca,-3.82631,-40.89558,female,dry
10/29/2022 9:00,Cuscuz,-3.827,-40.89416,male,dry
11/1/2022 9:18,Conceição,-3.82675,-40.89568,female,dry
11/1/2022 9:21,Conceição,-3.82658,-40.89551,female,dry
11/2/2022 9:25,João Grilo,-3.82695,-40.89608,male,dry
11/2/2022 9:32,João Grilo,-3.82693,-40.89612,male,dry
11/2/2022 9:34,João Grilo,-3.82693,-40.8961,male,dry
11/2/2022 14:19,Baleia,-3.82814,-40.89425,female,dry
11/5/2022 8:01,Mucunzá,-3.82597,-40.89601,male,dry
11/5/2022 13:04,Mucunzá,-3.82715,-40.8939,male,dry
11/5/2022 13:06,Mucunzá,-3.82724,-40.89398,male,dry
11/5/2022 13:48,Mucunzá,-3.82762,-40.89469,male,dry
11/10/2022 15:14,Mucunzá,-3.8262,-40.89942,male,dry
11/10/2022 15:19,Mucunzá,-3.82611,-40.89975,male,dry
11/12/2022 13:11,Fabiano,-3.8261,-40.89939,male,dry
11/13/2022 12:42,Cajuína,-3.82581,-40.89557,female,dry
11/20/2022 8:30,Baleia,-3.82736,-40.89688,female,dry
11/20/2022 9:26,Baleia,-3.82746,-40.89724,female,dry
11/20/2022 9:30,Baleia,-3.82742,-40.89724,female,dry
11/20/2022 13:26,Baleia,-3.82683,-40.89606,female,dry
11/20/2022 13:47,Baleia,-3.8268,-40.89612,female,dry
11/21/2022 10:20,Chicó,-3.82596,-40.89614,male,dry
11/21/2022 11:50,Canjica,-3.82807,-40.89755,male,dry
11/25/2022 7:26,Tapioca,-3.82603,-40.89566,female,dry
11/25/2022 7:37,Tapioca,-3.82601,-40.89557,female,dry
11/25/2022 7:39,Tapioca,-3.82595,-40.89558,female,dry
11/25/2022 8:07,Tapioca,-3.82647,-40.89541,female,dry
12/2/2022 11:32,Baleia,-3.82624,-40.89644,female,dry
12/3/2022 8:54,Chicó,-3.82648,-40.89391,male,dry
12/3/2022 9:40,Chicó,-3.8266,-40.89269,male,dry
12/3/2022 9:47,Chicó,-3.82647,-40.89249,male,dry
12/3/2022 10:15,Chicó,-3.82629,-40.89175,male,dry
12/3/2022 10:20,Chicó,-3.82629,-40.89177,male,dry
12/3/2022 11:35,Chicó,-3.82626,-40.89265,male,dry
12/3/2022 12:11,Chicó,-3.82616,-40.89252,male,dry
12/3/2022 12:12,Chicó,-3.82611,-40.89252,male,dry
12/3/2022 12:21,Chicó,-3.82635,-40.89256,male,dry
12/3/2022 12:33,Chicó,-3.82636,-40.89264,male,dry
12/3/2022 12:45,Chicó,-3.8263,-40.89272,male,dry
12/5/2022 9:02,Fabiano,-3.82685,-40.89525,male,dry
12/5/2022 9:05,Fabiano,-3.82677,-40.89532,male,dry
12/5/2022 10:13,Fabiano,-3.82729,-40.89589,male,dry
12/5/2022 11:02,Fabiano,-3.82749,-40.89702,male,dry
12/5/2022 11:08,Fabiano,-3.82747,-40.89698,male,dry
12/5/2022 15:29,Fabiano,-3.82659,-40.89922,male,dry
12/6/2022 8:11,Açucena ,-3.82703,-40.89333,female ,dry
12/6/2022 8:15,Açucena ,-3.82692,-40.89339,female ,dry
12/6/2022 11:16,Açucena ,-3.8255,-40.89205,female ,dry
12/6/2022 13:18,Açucena ,-3.82648,-40.89364,female ,dry
12/6/2022 14:09,Açucena ,-3.82734,-40.89451,female ,dry
12/6/2022 14:32,Açucena ,-3.8268,-40.89515,female ,dry
12/8/2022 11:11,Mucunzá,-3.82741,-40.89657,male,dry
12/8/2022 11:13,Mucunzá,-3.82741,-40.89657,male,dry
12/8/2022 12:11,Mucunzá,-3.82708,-40.89584,male,dry
12/8/2022 12:50,Mucunzá,-3.8273,-40.89571,male,dry
12/8/2022 13:41,Mucunzá,-3.8275,-40.89555,male,dry
12/9/2022 15:14,Canjica,-3.82546,-40.89164,male,dry
12/10/2022 11:08,Cajuína,-3.82639,-40.89572,female,dry
12/10/2022 11:10,Cajuína,-3.82634,-40.89572,female,dry
12/10/2022 12:33,Cajuína,-3.82709,-40.89577,female,dry
12/10/2022 12:51,Cajuína,-3.82682,-40.89532,female,dry
12/10/2022 13:01,Cajuína,-3.82667,-40.89539,female,dry
12/10/2022 13:14,Cajuína,-3.82667,-40.89539,female,dry
12/10/2022 13:32,Cajuína,-3.82667,-40.8952,female,dry
12/10/2022 13:34,Cajuína,-3.82681,-40.89532,female,dry
12/11/2022 12:35,Maria Moura,-3.82581,-40.89203,female,dry
12/12/2022 7:08,João Grilo,-3.82636,-40.89571,male,dry
12/12/2022 7:21,João Grilo,-3.82636,-40.89555,male,dry
12/12/2022 10:38,João Grilo,-3.82628,-40.8918,male,dry
12/12/2022 10:40,João Grilo,-3.8263,-40.89175,male,dry
12/12/2022 10:41,João Grilo,-3.82637,-40.89176,male,dry
12/12/2022 11:05,João Grilo,-3.82638,-40.89181,male,dry
12/12/2022 12:30,João Grilo,-3.82616,-40.89241,male,dry
12/12/2022 13:27,João Grilo,-3.82543,-40.89167,male,dry
12/12/2022 13:34,João Grilo,-3.82532,-40.89159,male,dry
12/12/2022 13:56,João Grilo,-3.82548,-40.89157,male,dry
12/12/2022 14:03,João Grilo,-3.82554,-40.89182,male,dry
12/16/2022 10:55,Cuscuz,-3.82539,-40.89118,male,dry
12/16/2022 11:33,Cuscuz,-3.82597,-40.89153,male,dry
12/16/2022 11:35,Cuscuz,-3.82603,-40.89148,male,dry
12/16/2022 12:46,Cuscuz,-3.82653,-40.89205,male,dry
12/16/2022 12:51,Cuscuz,-3.82664,-40.89205,male,dry
12/16/2022 12:59,Cuscuz,-3.82679,-40.89167,male,dry
12/17/2022 8:54,Tapioca,-3.82545,-40.89138,female,dry
12/17/2022 9:08,Tapioca,-3.82571,-40.89223,female,dry
12/17/2022 9:51,Tapioca,-3.82544,-40.89113,female,dry
12/17/2022 10:04,Tapioca,-3.82551,-40.89132,female,dry
12/17/2022 11:15,Tapioca,-3.82633,-40.89196,female,dry
12/17/2022 11:17,Tapioca,-3.82626,-40.892,female,dry
12/17/2022 12:11,Tapioca,-3.8261,-40.8921,female,dry
12/17/2022 12:18,Tapioca,-3.82615,-40.89261,female,dry
12/18/2022 7:00,Conceição,-3.82637,-40.89547,female,dry
12/18/2022 10:13,Conceição,-3.82694,-40.89214,female,dry
12/18/2022 10:37,Conceição,-3.82683,-40.89241,female,dry
12/18/2022 11:11,Conceição,-3.82706,-40.8927,female,dry
12/18/2022 12:55,Conceição,-3.82559,-40.89181,female,dry
1/3/2023 11:01,Cuscuz,-3.82738,-40.89705,male,wet
1/4/2023 11:50,Cajuína,-3.8272,-40.89336,female,wet
1/5/2023 11:53,Mucunzá,-3.82674,-40.89531,male,wet
1/5/2023 12:45,Mucunzá,-3.82689,-40.8952,male,wet
1/5/2023 12:49,Mucunzá,-3.82682,-40.89529,male,wet
1/5/2023 14:02,Mucunzá,-3.82618,-40.89631,male,wet
1/6/2023 10:28,Chicó,-3.82732,-40.8984,male,wet
1/6/2023 11:19,Chicó,-3.82732,-40.89848,male,wet
1/6/2023 11:21,Chicó,-3.82741,-40.89861,male,wet
1/6/2023 11:22,Chicó,-3.82737,-40.89855,male,wet
1/6/2023 11:34,Chicó,-3.82715,-40.89829,male,wet
1/6/2023 13:02,Chicó,-3.82755,-40.89723,male,wet
1/6/2023 13:16,Chicó,-3.82755,-40.89703,male,wet
1/6/2023 13:18,Chicó,-3.82758,-40.89688,male,wet
1/6/2023 13:23,Chicó,-3.82732,-40.89691,male,wet
1/6/2023 13:36,Chicó,-3.82748,-40.89688,male,wet
1/8/2023 10:13,Baleia,-3.82747,-40.89704,female,wet
1/9/2023 9:48,João Grilo,-3.82638,-40.89189,male,wet
1/9/2023 10:57,João Grilo,-3.82634,-40.89246,male,wet
1/9/2023 11:24,João Grilo,-3.82651,-40.89175,male,wet
1/9/2023 11:27,João Grilo,-3.82686,-40.89245,male,wet
1/9/2023 13:25,João Grilo,-3.82787,-40.89469,male,wet
1/9/2023 14:49,João Grilo,-3.82706,-40.89553,male,wet
1/11/2023 9:37,Xote,-3.82593,-40.89562,female,wet
1/11/2023 11:53,Xote,-3.82661,-40.8955,female,wet
1/11/2023 12:36,Xote,-3.82697,-40.89592,female,wet
1/12/2023 14:23,Conceição,-3.82623,-40.89646,female,wet
1/13/2023 13:20,Maria Bonita,-3.82626,-40.89253,female,wet
1/13/2023 14:51,Maria Bonita,-3.82692,-40.89397,female,wet
1/14/2023 13:20,Fabiano,-3.82694,-40.89983,male,wet
1/14/2023 13:30,Fabiano,-3.82715,-40.89978,male,wet
1/14/2023 13:34,Fabiano,-3.82709,-40.89973,male,wet
1/15/2023 11:05,Canjica,-3.82627,-40.89641,male,wet
1/17/2023 15:20,Maria Moura,-3.82723,-40.8955,female,wet
1/19/2023 8:14,Açucena ,-3.8262,-40.896,female ,wet
1/19/2023 8:46,Açucena ,-3.8262,-40.89642,female ,wet
1/19/2023 8:47,Açucena ,-3.82636,-40.89614,female ,wet
1/19/2023 11:19,Açucena ,-3.82854,-40.89526,female ,wet
1/19/2023 13:21,Açucena ,-3.827,-40.89512,female ,wet
1/19/2023 13:29,Açucena ,-3.82642,-40.89526,female ,wet
1/19/2023 13:41,Açucena ,-3.82655,-40.89516,female ,wet
1/19/2023 13:50,Açucena ,-3.82658,-40.89506,female ,wet
1/19/2023 14:08,Açucena ,-3.82643,-40.89558,female ,wet
1/19/2023 14:15,Açucena ,-3.82644,-40.89556,female ,wet
1/19/2023 14:42,Açucena,-3.82647,-40.89502,female,wet
1/25/2023 8:10,Maria Bonita,-3.82588,-40.89549,female,wet
1/25/2023 9:01,Maria Bonita,-3.8274,-40.89719,female,wet
2/3/2023 11:33,Xote,-3.82618,-40.89245,female,wet
2/3/2023 11:53,Xote,-3.82621,-40.89248,female,wet
2/3/2023 11:54,Xote,-3.82627,-40.89253,female,wet
2/3/2023 11:59,Xote,-3.82614,-40.89217,female,wet
2/3/2023 13:43,Xote,-3.82679,-40.89236,female,wet
2/4/2023 8:14,João Grilo,-3.82618,-40.89592,male,wet
2/4/2023 8:17,João Grilo,-3.82599,-40.8961,male,wet
2/5/2023 9:58,João Grilo,-3.82593,-40.89133,male,wet
2/5/2023 10:00,João Grilo,-3.82594,-40.89132,male,wet
2/5/2023 10:22,João Grilo,-3.82636,-40.89176,male,wet
2/5/2023 11:44,João Grilo,-3.82646,-40.89328,male,wet
2/5/2023 12:08,João Grilo,-3.82679,-40.89373,male,wet
2/6/2023 9:04,Açucena ,-3.8265,-40.89248,female ,wet
2/6/2023 9:08,Açucena ,-3.82654,-40.89243,female ,wet
2/6/2023 9:30,Açucena ,-3.8261,-40.89244,female ,wet
2/6/2023 9:53,Açucena ,-3.82644,-40.89244,female ,wet
2/8/2023 7:55,Mucunzá,-3.82612,-40.89569,male,wet
2/8/2023 7:58,Mucunzá,-3.82607,-40.89569,male,wet
2/8/2023 8:15,Mucunzá,-3.82605,-40.89572,male,wet
2/8/2023 8:33,Mucunzá,-3.82632,-40.89576,male,wet
2/8/2023 9:58,Mucunzá,-3.82732,-40.89693,male,wet
2/8/2023 13:20,Mucunzá,-3.82659,-40.90045,male,wet
2/9/2023 9:30,Fabiano,-3.82707,-40.89348,male,wet
2/9/2023 9:45,Fabiano,-3.82685,-40.89374,male,wet
2/9/2023 9:49,Fabiano,-3.82783,-40.89299,male,wet
2/9/2023 9:54,Fabiano,-3.82671,-40.89347,male,wet
2/9/2023 10:27,Fabiano,-3.82697,-40.89337,male,wet
2/9/2023 10:29,Fabiano,-3.82746,-40.89294,male,wet
2/9/2023 10:35,Fabiano,-3.82665,-40.89294,male,wet
2/9/2023 13:44,Fabiano,-3.82559,-40.89188,male,wet
2/9/2023 13:51,Fabiano,-3.8255,-40.89199,male,wet
2/9/2023 14:04,Fabiano,-3.82552,-40.89212,male,wet
2/13/2023 11:36,Baleia,-3.82744,-40.89358,female,wet
2/14/2023 11:33,Chicó,-3.82672,-40.8934,male,wet
2/15/2023 9:58,Tapioca,-3.82644,-40.89202,female,wet
2/19/2023 12:17,Maria Moura,-3.82717,-40.89574,female,wet
2/19/2023 12:25,Maria Moura,-3.82708,-40.89569,female,wet
2/19/2023 12:38,Maria Moura,-3.82711,-40.89572,female,wet
2/20/2023 8:10,Conceição,-3.82623,-40.89572,female,wet
2/20/2023 11:44,Conceição,-3.82674,-40.89292,female,wet
2/20/2023 12:11,Conceição,-3.82682,-40.8929,female,wet
2/20/2023 13:41,Conceição,-3.82676,-40.89293,female,wet
2/20/2023 13:47,Conceição,-3.82688,-40.89304,female,wet
2/20/2023 13:48,Conceição,-3.8269,-40.89336,female,wet
2/20/2023 13:56,Conceição,-3.82697,-40.89327,female,wet
2/24/2023 12:22,Maria Bonita,-3.82655,-40.89515,female,wet
2/24/2023 12:57,Maria Bonita,-3.82685,-40.89579,female,wet
3/2/2023 10:14,Canjica,-3.8267,-40.89523,male,wet
3/2/2023 10:16,Canjica,-3.82682,-40.89511,male,wet
3/2/2023 10:32,Canjica,-3.82698,-40.89555,male,wet
3/2/2023 12:49,Canjica,-3.82719,-40.89915,male,wet
3/2/2023 13:03,Canjica,-3.82734,-40.89949,male,wet
3/4/2023 10:01,Cajuína,-3.82625,-40.89278,female,wet
3/4/2023 10:30,Cajuína,-3.82624,-40.89295,female,wet
3/4/2023 10:34,Cajuína,-3.82624,-40.89262,female,wet
3/4/2023 12:07,Cajuína,-3.82632,-40.89161,female,wet
3/4/2023 12:24,Cajuína,-3.82628,-40.89199,female,wet
3/4/2023 12:41,Cajuína,-3.82636,-40.89214,female,wet
3/4/2023 12:48,Cajuína,-3.82625,-40.89254,female,wet
3/4/2023 13:03,Cajuína,-3.82578,-40.89195,female,wet
3/5/2023 15:20,João Grilo,-3.82722,-40.89573,male,wet
3/7/2023 11:33,Mucunzá,-3.82717,-40.89361,male,wet
3/7/2023 11:40,Mucunzá,-3.82705,-40.89322,male,wet
3/7/2023 11:46,Mucunzá,-3.82721,-40.89396,male,wet
3/8/2023 10:15,Fabiano,-3.82623,-40.89255,male,wet
3/8/2023 10:20,Fabiano,-3.82615,-40.89266,male,wet
3/8/2023 10:21,Fabiano,-3.82627,-40.89268,male,wet
3/11/2023 12:18,Açucena,-3.8261,-40.89233,female,wet
3/12/2023 12:54,Conceição,-3.82707,-40.89539,female,wet
3/12/2023 13:15,Conceição,-3.82713,-40.89614,female,wet
3/15/2023 13:24,Maria Moura,-3.8271,-40.89304,female,wet
3/16/2023 9:22,Chicó,-3.82754,-40.89243,male,wet
3/16/2023 9:24,Chicó,-3.82762,-40.89247,male,wet
3/16/2023 9:42,Chicó,-3.82709,-40.89252,male,wet
3/16/2023 9:43,Chicó,-3.82697,-40.89263,male,wet
3/16/2023 10:09,Chicó,-3.8266,-40.89249,male,wet
3/16/2023 10:24,Chicó,-3.82654,-40.89255,male,wet
3/16/2023 10:52,Chicó,-3.82641,-40.89279,male,wet
3/16/2023 12:55,Chicó,-3.82635,-40.89539,male,wet
3/16/2023 12:57,Chicó,-3.82612,-40.8956,male,wet
3/16/2023 12:58,Chicó,-3.82619,-40.89567,male,wet
3/16/2023 13:14,Chicó,-3.82606,-40.89624,male,wet
3/18/2023 8:58,Maria Bonita,-3.82514,-40.89083,female,wet
3/18/2023 9:40,Maria Bonita,-3.8255,-40.89099,female,wet
3/18/2023 9:52,Maria Bonita,-3.82509,-40.89059,female,wet
3/18/2023 10:08,Maria Bonita,-3.82504,-40.89072,female,wet
3/18/2023 10:29,Maria Bonita,-3.82502,-40.89059,female,wet
3/18/2023 10:33,Maria Bonita,-3.82504,-40.89069,female,wet
3/18/2023 11:24,Maria Bonita,-3.82509,-40.89071,female,wet
3/18/2023 11:35,Maria Bonita,-3.82521,-40.89088,female,wet
3/18/2023 12:33,Maria Bonita,-3.82557,-40.89176,female,wet
3/18/2023 13:31,Maria Bonita,-3.82628,-40.89277,female,wet
3/18/2023 13:43,Maria Bonita,-3.82627,-40.89272,female,wet
3/18/2023 14:22,Maria Bonita,-3.82716,-40.89327,female,wet
3/18/2023 14:38,Maria Bonita,-3.82712,-40.89361,female,wet
3/20/2023 11:11,Tapioca,-3.82653,-40.89243,female,wet
3/30/2023 10:26,Maria Moura,-3.82657,-40.89251,female,wet
3/30/2023 10:52,Maria Moura,-3.82642,-40.89263,female,wet
3/30/2023 11:05,Maria Moura,-3.82643,-40.89269,female,wet
3/30/2023 12:16,Maria Moura,-3.82675,-40.89355,female,wet
3/30/2023 13:20,Maria Moura,-3.82685,-40.89511,female,wet
4/2/2023 8:13,Fabiano,-3.82633,-40.89273,male,wet
4/2/2023 8:15,Fabiano,-3.82636,-40.89266,male,wet
4/2/2023 8:30,Fabiano,-3.8265,-40.89267,male,wet
4/2/2023 8:36,Fabiano,-3.82634,-40.89271,male,wet
4/2/2023 8:46,Fabiano,-3.82643,-40.8928,male,wet
4/2/2023 8:50,Fabiano,-3.82631,-40.89263,male,wet
4/2/2023 9:06,Fabiano,-3.82627,-40.89261,male,wet
4/2/2023 9:14,Fabiano,-3.82627,-40.89262,male,wet
4/2/2023 9:18,Fabiano,-3.82626,-40.89276,male,wet
4/2/2023 9:54,Fabiano,-3.82644,-40.89221,male,wet
4/2/2023 11:25,Fabiano,-3.82579,-40.89203,male,wet
4/2/2023 11:57,Fabiano,-3.82587,-40.89132,male,wet
4/2/2023 13:12,Fabiano,-3.8267,-40.89212,male,wet
4/2/2023 13:14,Fabiano,-3.82675,-40.89216,male,wet
4/2/2023 13:15,Fabiano,-3.82672,-40.89216,male,wet
4/2/2023 14:05,Fabiano,-3.82737,-40.89348,male,wet
4/2/2023 14:11,Fabiano,-3.82725,-40.89345,male,wet
4/4/2023 9:09,Xote,-3.82682,-40.89353,female,wet
4/4/2023 9:38,Xote,-3.82645,-40.89289,female,wet
4/4/2023 9:47,Xote,-3.82676,-40.89287,female,wet
4/4/2023 9:54,Xote,-3.82656,-40.8928,female,wet
4/4/2023 9:55,Xote,-3.82659,-40.8929,female,wet
4/4/2023 12:10,Xote,-3.82761,-40.89275,female,wet
4/4/2023 12:18,Xote,-3.82774,-40.89286,female,wet
4/4/2023 12:56,Xote,-3.82714,-40.89357,female,wet
4/4/2023 13:15,Xote,-3.82745,-40.89468,female,wet
4/7/2023 8:20,Canjica,-3.82672,-40.89295,male,wet
4/7/2023 8:56,Canjica,-3.82663,-40.8926,male,wet
4/7/2023 10:17,Canjica,-3.82681,-40.89231,male,wet
4/7/2023 10:23,Canjica,-3.82693,-40.89238,male,wet
4/7/2023 11:25,Canjica,-3.82731,-40.89349,male,wet
4/7/2023 11:34,Canjica,-3.82719,-40.89347,male,wet
4/7/2023 11:41,Canjica,-3.8271,-40.89347,male,wet
4/7/2023 12:25,Canjica,-3.82758,-40.89517,male,wet
4/7/2023 14:52,Canjica,-3.82697,-40.89969,male,wet
4/8/2023 9:24,João Grilo,-3.82656,-40.89172,male,wet
4/8/2023 9:44,João Grilo,-3.82678,-40.89213,male,wet
4/8/2023 9:52,João Grilo,-3.82674,-40.89291,male,wet
4/8/2023 10:01,João Grilo,-3.82673,-40.89221,male,wet
4/8/2023 10:10,João Grilo,-3.82687,-40.8921,male,wet
4/8/2023 10:21,João Grilo,-3.82677,-40.89216,male,wet
4/8/2023 10:27,João Grilo,-3.82674,-40.89236,male,wet
4/8/2023 11:21,João Grilo,-3.82682,-40.89331,male,wet
4/8/2023 11:25,João Grilo,-3.82686,-40.89336,male,wet
4/8/2023 11:25,João Grilo,-3.82681,-40.89336,male,wet
4/8/2023 11:31,João Grilo,-3.82678,-40.89352,male,wet
4/8/2023 11:34,João Grilo,-3.8268,-40.8935,male,wet
4/8/2023 13:18,João Grilo,-3.82685,-40.89559,male,wet
4/8/2023 13:23,João Grilo,-3.82694,-40.89546,male,wet
4/8/2023 13:36,João Grilo,-3.82693,-40.89589,male,wet
4/8/2023 14:02,João Grilo,-3.8274,-40.89689,male,wet
4/8/2023 14:06,João Grilo,-3.82763,-40.89704,male,wet
4/8/2023 14:06,João Grilo,-3.82758,-40.89698,male,wet
4/8/2023 14:42,João Grilo,-3.82775,-40.89776,male,wet
4/9/2023 8:28,Cajuína,-3.82378,-40.89128,female,wet
4/12/2023 10:30,Baleia,-3.82676,-40.89515,female,wet
4/12/2023 10:51,Baleia,-3.82671,-40.89532,female,wet
4/12/2023 11:23,Baleia,-3.8262,-40.8959,female,wet
4/12/2023 11:44,Baleia,-3.8263,-40.89626,female,wet
4/12/2023 11:50,Baleia,-3.8262,-40.89632,female,wet
4/12/2023 12:58,Baleia,-3.82715,-40.89778,female,wet
4/14/2023 6:54,Mucunzá,-3.82678,-40.89383,male,wet
4/14/2023 7:53,Mucunzá,-3.82677,-40.89349,male,wet
4/14/2023 8:00,Mucunzá,-3.82671,-40.89336,male,wet
4/14/2023 8:58,Mucunzá,-3.82669,-40.89176,male,wet
4/14/2023 9:37,Mucunzá,-3.82595,-40.89149,male,wet
4/14/2023 9:49,Mucunzá,-3.82604,-40.89156,male,wet
4/14/2023 10:03,Mucunzá,-3.82628,-40.89204,male,wet
4/14/2023 10:10,Mucunzá,-3.82599,-40.89201,male,wet
4/14/2023 10:13,Mucunzá,-3.8263,-40.89214,male,wet
4/14/2023 10:44,Mucunzá,-3.82657,-40.89263,male,wet
4/14/2023 11:04,Mucunzá,-3.82631,-40.89226,male,wet
4/14/2023 11:30,Mucunzá,-3.82633,-40.89282,male,wet
4/14/2023 12:16,Mucunzá,-3.82696,-40.89308,male,wet
4/14/2023 13:09,Mucunzá,-3.82761,-40.89466,male,wet
4/14/2023 13:16,Mucunzá,-3.82762,-40.89465,male,wet
4/14/2023 13:21,Mucunzá,-3.82753,-40.89477,male,wet
4/14/2023 13:25,Mucunzá,-3.82749,-40.89453,male,wet
4/14/2023 13:52,Mucunzá,-3.82724,-40.89549,male,wet
4/17/2023 9:35,Cuscuz,-3.82621,-40.89567,male,wet
4/17/2023 9:45,Cuscuz,-3.82623,-40.89555,male,wet
4/18/2023 10:10,Maria Bonita,-3.82612,-40.8928,female,wet
4/18/2023 10:18,Maria Bonita,-3.82628,-40.89259,female,wet
4/18/2023 10:44,Maria Bonita,-3.82609,-40.89276,female,wet
4/18/2023 10:50,Maria Bonita,-3.82621,-40.89253,female,wet
4/18/2023 12:06,Maria Bonita,-3.82677,-40.89221,female,wet
4/18/2023 12:20,Maria Bonita,-3.82665,-40.89256,female,wet
4/18/2023 12:44,Maria Bonita,-3.82654,-40.89236,female,wet
4/18/2023 12:56,Maria Bonita,-3.82691,-40.89302,female,wet
4/18/2023 12:58,Maria Bonita,-3.82705,-40.89281,female,wet
4/18/2023 13:05,Maria Bonita,-3.82676,-40.89288,female,wet
4/23/2023 14:53,Chicó,-3.82527,-40.90093,male,wet
4/23/2023 15:21,Chicó,-3.82513,-40.9011,male,wet
4/24/2023 9:52,Conceição,-3.8268,-40.89291,female,wet
4/24/2023 10:01,Conceição,-3.82677,-40.89286,female,wet
4/24/2023 10:21,Conceição,-3.82694,-40.89308,female,wet
4/24/2023 10:57,Conceição,-3.82709,-40.89309,female,wet
4/24/2023 10:58,Conceição,-3.82697,-40.89293,female,wet
4/24/2023 11:00,Conceição,-3.82705,-40.89271,female,wet
4/24/2023 11:23,Conceição,-3.82692,-40.8925,female,wet
4/24/2023 11:33,Conceição,-3.82669,-40.89193,female,wet
4/24/2023 12:24,Conceição,-3.82552,-40.89143,female,wet
4/28/2023 10:07,Tapioca,-3.82636,-40.89237,female,wet
4/29/2023 9:07,Tapioca,-3.82697,-40.89382,female,wet
4/29/2023 9:14,Tapioca,-3.82686,-40.89382,female,wet
4/29/2023 10:00,Tapioca,-3.82694,-40.89402,female,wet
4/29/2023 10:34,Tapioca,-3.82685,-40.89497,female,wet
4/29/2023 10:36,Tapioca,-3.82682,-40.89503,female,wet
4/29/2023 10:40,Tapioca,-3.82673,-40.89519,female,wet
4/29/2023 10:45,Tapioca,-3.82722,-40.89541,female,wet
4/29/2023 11:50,Tapioca,-3.82782,-40.89753,female,wet
5/1/2023 10:56,Xote,-3.82633,-40.89251,female,wet
5/1/2023 11:21,Xote,-3.82621,-40.8927,female,wet
5/1/2023 11:27,Xote,-3.82633,-40.89266,female,wet
5/1/2023 11:47,Xote,-3.82649,-40.89273,female,wet
5/1/2023 12:10,Xote,-3.82665,-40.89277,female,wet
5/1/2023 12:23,Xote,-3.82664,-40.89285,female,wet
5/1/2023 12:42,Xote,-3.82725,-40.89336,female,wet
5/1/2023 12:59,Xote,-3.82731,-40.89341,female,wet
5/4/2023 7:40,Cajuína,-3.82592,-40.89235,female,wet
5/4/2023 7:49,Cajuína,-3.82626,-40.8927,female,wet
5/4/2023 7:56,Cajuína,-3.82643,-40.8928,female,wet
5/4/2023 8:06,Cajuína,-3.82642,-40.89279,female,wet
5/4/2023 10:48,Cajuína,-3.82712,-40.89362,female,wet
5/4/2023 11:16,Cajuína,-3.82744,-40.89447,female,wet
5/4/2023 11:26,Cajuína,-3.82738,-40.89458,female,wet
5/5/2023 8:05,Canjica,-3.82631,-40.89274,male,wet
5/5/2023 8:22,Canjica,-3.82583,-40.8919,male,wet
5/5/2023 8:32,Canjica,-3.82633,-40.89283,male,wet
5/5/2023 8:59,Canjica,-3.82674,-40.89305,male,wet
5/5/2023 9:01,Canjica,-3.82656,-40.8928,male,wet
5/5/2023 9:57,Canjica,-3.82666,-40.89353,male,wet
5/5/2023 10:09,Canjica,-3.82594,-40.89408,male,wet
5/5/2023 10:14,Canjica,-3.82665,-40.89436,male,wet
5/5/2023 10:26,Canjica,-3.82759,-40.89451,male,wet
5/5/2023 10:46,Canjica,-3.82776,-40.8946,male,wet
5/5/2023 11:42,Canjica,-3.82841,-40.89403,male,wet
5/5/2023 12:08,Canjica,-3.82869,-40.89438,male,wet
5/6/2023 10:59,Cuscuz,-3.82647,-40.89262,male,wet
5/6/2023 11:10,Cuscuz,-3.82636,-40.8925,male,wet
5/6/2023 11:14,Cuscuz,-3.82656,-40.89248,male,wet
5/6/2023 12:00,Cuscuz,-3.8267,-40.89276,male,wet
5/6/2023 12:13,Cuscuz,-3.82636,-40.89274,male,wet
5/6/2023 12:53,Cuscuz,-3.82685,-40.89329,male,wet
5/6/2023 13:05,Cuscuz,-3.82678,-40.8935,male,wet
5/6/2023 13:44,Cuscuz,-3.82711,-40.8938,male,wet
5/6/2023 14:14,Cuscuz,-3.82706,-40.89399,male,wet
5/7/2023 10:24,Maria Moura,-3.82636,-40.89294,female,wet
5/7/2023 10:33,Maria Moura,-3.82641,-40.89281,female,wet
5/7/2023 11:00,Maria Moura,-3.82634,-40.89284,female,wet
5/7/2023 11:31,Maria Moura,-3.82646,-40.89236,female,wet
5/7/2023 11:54,Maria Moura,-3.82617,-40.8924,female,wet
5/7/2023 12:01,Maria Moura,-3.82619,-40.89238,female,wet
5/7/2023 12:01,Maria Moura,-3.82757,-40.89265,female,wet
5/7/2023 12:25,Maria Moura,-3.82527,-40.89192,female,wet
5/7/2023 12:28,Maria Moura,-3.82555,-40.8915,female,wet
5/7/2023 12:48,Maria Moura,-3.8254,-40.89288,female,wet
5/7/2023 13:23,Maria Moura,-3.82548,-40.89186,female,wet
5/8/2023 9:09,Mucunzá,-3.82643,-40.89293,male,wet
5/8/2023 9:14,Mucunzá,-3.82623,-40.89288,male,wet
5/8/2023 9:46,Mucunzá,-3.82654,-40.8932,male,wet
5/8/2023 9:58,Mucunzá,-3.82665,-40.89331,male,wet
5/8/2023 10:28,Mucunzá,-3.82709,-40.8934,male,wet
5/8/2023 10:33,Mucunzá,-3.82701,-40.89355,male,wet
5/8/2023 10:49,Mucunzá,-3.82722,-40.89337,male,wet
5/8/2023 11:51,Mucunzá,-3.82744,-40.89462,male,wet
5/8/2023 12:05,Mucunzá,-3.82758,-40.8945,male,wet
5/8/2023 12:20,Mucunzá,-3.82755,-40.89468,male,wet
5/8/2023 12:25,Mucunzá,-3.82767,-40.89476,male,wet
5/8/2023 12:33,Mucunzá,-3.82755,-40.89474,male,wet
5/8/2023 12:40,Mucunzá,-3.82768,-40.89464,male,wet
5/8/2023 13:38,Mucunzá,-3.82728,-40.89425,male,wet
5/8/2023 13:52,Mucunzá,-3.82743,-40.89437,male,wet
5/8/2023 14:15,Mucunzá,-3.82693,-40.89518,male,wet
5/9/2023 8:55,João Grilo,-3.82631,-40.89269,male,wet
5/9/2023 9:44,João Grilo,-3.82675,-40.89199,male,wet
5/9/2023 9:55,João Grilo,-3.82671,-40.89195,male,wet
5/9/2023 10:18,João Grilo,-3.82717,-40.89157,male,wet
5/9/2023 10:19,João Grilo,-3.82648,-40.89181,male,wet
5/9/2023 10:26,João Grilo,-3.82695,-40.89241,male,wet
5/9/2023 10:33,João Grilo,-3.82677,-40.89195,male,wet
5/9/2023 11:47,João Grilo,-3.8271,-40.89314,male,wet
5/9/2023 11:58,João Grilo,-3.82693,-40.89303,male,wet
5/9/2023 12:12,João Grilo,-3.827,-40.89307,male,wet
5/9/2023 12:51,João Grilo,-3.82685,-40.89267,male,wet
5/9/2023 12:55,João Grilo,-3.82664,-40.89243,male,wet
5/10/2023 11:55,Fabiano,-3.82642,-40.89241,male,wet
5/10/2023 11:58,Fabiano,-3.82655,-40.8926,male,wet
5/10/2023 12:39,Fabiano,-3.82697,-40.89272,male,wet
5/10/2023 14:03,Fabiano,-3.82747,-40.8944,male,wet
5/12/2023 7:48,Maria Bonita,-3.82563,-40.89182,female,wet
5/12/2023 8:32,Maria Bonita,-3.82606,-40.8919,female,wet
5/12/2023 8:38,Maria Bonita,-3.82598,-40.89191,female,wet
5/12/2023 9:59,Maria Bonita,-3.82606,-40.89142,female,wet
5/12/2023 10:50,Maria Bonita,-3.8264,-40.89244,female,wet
5/12/2023 11:05,Maria Bonita,-3.82667,-40.89303,female,wet
5/12/2023 11:22,Maria Bonita,-3.82675,-40.89367,female,wet
5/12/2023 11:30,Maria Bonita,-3.82681,-40.89359,female,wet
5/15/2023 8:19,Chicó,-3.82648,-40.89271,male,wet
5/15/2023 8:32,Chicó,-3.82636,-40.89294,male,wet
5/15/2023 8:34,Chicó,-3.82629,-40.89288,male,wet
5/15/2023 11:28,Chicó,-3.82755,-40.89725,male,wet
5/16/2023 9:16,Baleia,-3.82706,-40.89311,female,wet
5/16/2023 9:16,Baleia,-3.82702,-40.89307,female,wet
5/16/2023 9:52,Baleia,-3.82718,-40.89344,female,wet
5/16/2023 9:57,Baleia,-3.82724,-40.89338,female,wet
5/17/2023 10:46,Fabiano,-3.82664,-40.8926,male,wet
5/18/2023 9:40,Açucena ,-3.8263,-40.89275,female ,wet
5/18/2023 9:44,Açucena ,-3.8264,-40.89259,female ,wet
5/18/2023 9:49,Açucena ,-3.82627,-40.89253,female ,wet
5/18/2023 9:55,Açucena ,-3.82624,-40.89251,female ,wet
5/18/2023 10:04,Açucena ,-3.82649,-40.89285,female ,wet
5/18/2023 10:44,Açucena,-3.82709,-40.89386,female,wet
5/18/2023 16:30,Fabiano,-3.82553,-40.90039,male,wet
6/1/2023 9:00,Canjica,-3.82496,-40.89145,male,wet
6/1/2023 10:25,Canjica,-3.82578,-40.89204,male,wet
6/1/2023 12:00,Canjica,-3.82639,-40.89322,male,wet
6/1/2023 12:25,Canjica,-3.82672,-40.8935,male,wet
6/1/2023 12:25,Canjica,-3.82665,-40.89333,male,wet
6/1/2023 12:34,Canjica,-3.82699,-40.89299,male,wet
6/1/2023 12:51,Canjica,-3.82699,-40.89299,male,wet
6/1/2023 13:04,Canjica,-3.8271,-40.89336,male,wet
6/1/2023 13:26,Canjica,-3.82729,-40.89331,male,wet
6/1/2023 13:56,Canjica,-3.82716,-40.8934,male,wet
6/1/2023 14:29,Canjica,-3.82747,-40.89441,male,wet
6/2/2023 8:32,Mucunzá,-3.82631,-40.89292,male,wet
6/2/2023 8:54,Mucunzá,-3.82646,-40.89266,male,wet
6/2/2023 9:03,Mucunzá,-3.82648,-40.89267,male,wet
6/2/2023 9:51,Mucunzá,-3.82686,-40.89243,male,wet
6/2/2023 10:16,Mucunzá,-3.82671,-40.89264,male,wet
6/2/2023 10:19,Mucunzá,-3.82666,-40.89278,male,wet
6/2/2023 10:27,Mucunzá,-3.82661,-40.89274,male,wet
6/2/2023 10:56,Mucunzá,-3.82633,-40.89307,male,wet
6/2/2023 12:02,Mucunzá,-3.82625,-40.89242,male,wet
6/2/2023 13:20,Mucunzá,-3.82589,-40.89127,male,wet
6/2/2023 13:26,Mucunzá,-3.82594,-40.89131,male,wet
6/2/2023 14:10,Mucunzá,-3.8248,-40.89134,male,wet
6/2/2023 14:10,Mucunzá,-3.82494,-40.89147,male,wet
6/3/2023 8:33,Maria Bonita,-3.82662,-40.89237,female,wet
6/3/2023 8:39,Maria Bonita,-3.82668,-40.89226,female,wet
6/3/2023 9:19,Maria Bonita,-3.8257,-40.89127,female,wet
6/3/2023 9:20,Maria Bonita,-3.82565,-40.89114,female,wet
6/3/2023 10:01,Maria Bonita,-3.8253,-40.89191,female,wet
6/3/2023 12:00,Maria Bonita,-3.82432,-40.89252,female,wet
6/3/2023 12:30,Maria Bonita,-3.82706,-40.8931,female,wet
6/3/2023 13:34,Maria Bonita,-3.82679,-40.89333,female,wet
6/3/2023 13:46,Maria Bonita,-3.82696,-40.8936,female,wet
6/3/2023 14:07,Maria Bonita,-3.82675,-40.89386,female,wet
6/6/2023 9:25,Cajuína,-3.82632,-40.89276,female,wet
6/6/2023 9:46,Cajuína,-3.82631,-40.89274,female,wet
6/6/2023 9:51,Cajuína,-3.82646,-40.89265,female,wet
6/6/2023 9:57,Cajuína,-3.82644,-40.89258,female,wet
6/6/2023 9:57,Cajuína,-3.82647,-40.89269,female,wet
6/6/2023 10:15,Cajuína,-3.82638,-40.89253,female,wet
6/6/2023 10:16,Cajuína,-3.82631,-40.89248,female,wet
6/6/2023 11:02,Cajuína,-3.82588,-40.89199,female,wet
6/6/2023 11:40,Cajuína,-3.82583,-40.89125,female,wet
6/6/2023 11:47,Cajuína,-3.8259,-40.89124,female,wet
6/6/2023 12:34,Cajuína,-3.8272,-40.89361,female,wet
6/7/2023 8:19,Xote,-3.82634,-40.8925,female,wet
6/7/2023 8:24,Xote,-3.82627,-40.89272,female,wet
6/7/2023 8:28,Xote,-3.82616,-40.89271,female,wet
6/7/2023 8:50,Xote,-3.82609,-40.89262,female,wet
6/7/2023 9:05,Xote,-3.82643,-40.89261,female,wet
6/7/2023 9:12,Xote,-3.82618,-40.89259,female,wet
6/7/2023 9:13,Xote,-3.82628,-40.8926,female,wet
6/7/2023 10:36,Xote,-3.82552,-40.89209,female,wet
6/7/2023 10:53,Xote,-3.82534,-40.89214,female,wet
6/7/2023 10:58,Xote,-3.8254,-40.89208,female,wet
6/7/2023 12:12,Xote,-3.82643,-40.89288,female,wet
6/7/2023 12:34,Xote,-3.82659,-40.89289,female,wet
6/7/2023 13:01,Xote,-3.82631,-40.89308,female,wet
6/7/2023 15:38,Xote,-3.82721,-40.8984,female,wet
6/9/2023 9:02,Baleia,-3.82628,-40.89283,female,wet
6/9/2023 9:11,Baleia,-3.82632,-40.89273,female,wet
6/9/2023 9:15,Baleia,-3.82626,-40.89271,female,wet
6/9/2023 9:25,Baleia,-3.8263,-40.89266,female,wet
6/9/2023 9:45,Baleia,-3.82649,-40.89268,female,wet
6/9/2023 9:46,Baleia,-3.82647,-40.89276,female,wet
6/9/2023 10:00,Baleia,-3.82648,-40.89253,female,wet
6/9/2023 11:07,Baleia,-3.82689,-40.89211,female,wet
6/9/2023 12:54,Baleia,-3.82563,-40.89185,female,wet
6/9/2023 13:04,Baleia,-3.82592,-40.89202,female,wet
6/9/2023 13:20,Baleia,-3.82587,-40.89193,female,wet
6/9/2023 13:25,Baleia,-3.82586,-40.892,female,wet
6/9/2023 14:21,Baleia,-3.82635,-40.89308,female,wet
6/9/2023 14:33,Baleia,-3.82632,-40.89292,female,wet
6/9/2023 15:31,Baleia,-3.82756,-40.89471,female,wet
6/9/2023 15:31,Baleia,-3.82758,-40.89474,female,wet
6/9/2023 15:31,Baleia,-3.82747,-40.89464,female,wet
6/9/2023 16:10,Baleia,-3.82758,-40.89474,female,wet
6/10/2023 9:45,Chicó,-3.82651,-40.89228,male,wet
6/10/2023 10:07,Chicó,-3.82602,-40.89198,male,wet
6/10/2023 10:17,Chicó,-3.82587,-40.89197,male,wet
6/10/2023 10:20,Chicó,-3.82614,-40.89201,male,wet
6/10/2023 10:58,Chicó,-3.8259,-40.8916,male,wet
6/10/2023 11:59,Chicó,-3.82632,-40.89283,male,wet
6/10/2023 12:01,Chicó,-3.8263,-40.89312,male,wet
6/10/2023 12:58,Chicó,-3.82714,-40.89287,male,wet
6/10/2023 14:20,Chicó,-3.82687,-40.89415,male,wet
6/10/2023 14:27,Chicó,-3.8269,-40.89424,male,wet
6/10/2023 15:18,Chicó,-3.82667,-40.8951,male,wet
6/11/2023 7:50,João Grilo,-3.82616,-40.89326,male,wet
6/11/2023 7:54,João Grilo,-3.8263,-40.89311,male,wet
6/11/2023 9:02,João Grilo,-3.82474,-40.89059,male,wet
6/11/2023 9:14,João Grilo,-3.82431,-40.89011,male,wet
6/11/2023 12:56,João Grilo,-3.82668,-40.89295,male,wet
6/11/2023 13:11,João Grilo,-3.82677,-40.89294,male,wet
6/14/2023 7:01,Tapioca,-3.8266,-40.89575,female,wet
6/14/2023 7:25,Tapioca,-3.82679,-40.89537,female,wet
6/14/2023 7:30,Tapioca,-3.82674,-40.89516,female,wet
6/14/2023 8:22,Tapioca,-3.82646,-40.89512,female,wet
6/14/2023 8:27,Tapioca,-3.8266,-40.89529,female,wet
6/14/2023 8:34,Tapioca,-3.82687,-40.89533,female,wet
6/14/2023 14:15,Mucunzá,-3.82562,-40.89136,male,wet
6/16/2023 6:51,Cuscuz,-3.82524,-40.89569,male,wet
6/16/2023 6:54,Cuscuz,-3.82597,-40.89494,male,wet
6/16/2023 6:56,Cuscuz,-3.82617,-40.89472,male,wet
6/16/2023 8:20,Cuscuz,-3.82732,-40.89489,male,wet
6/16/2023 9:46,Cuscuz,-3.82671,-40.89281,male,wet
6/16/2023 12:54,Cuscuz,-3.82666,-40.89279,male,wet
6/16/2023 13:56,Cuscuz,-3.82634,-40.89281,male,wet
6/17/2023 8:18,Maria Moura,-3.8263,-40.89306,female,wet
6/17/2023 8:35,Maria Moura,-3.82652,-40.89235,female,wet
6/17/2023 10:29,Maria Moura,-3.82566,-40.8909,female,wet
6/17/2023 11:17,Maria Moura,-3.82653,-40.89206,female,wet
6/17/2023 11:20,Maria Moura,-3.82686,-40.89223,female,wet
6/17/2023 11:21,Maria Moura,-3.82681,-40.89217,female,wet
6/17/2023 11:40,Maria Moura,-3.82691,-40.89228,female,wet
6/17/2023 12:26,Maria Moura,-3.82716,-40.89205,female,wet
6/17/2023 13:16,Maria Moura,-3.82662,-40.89242,female,wet
6/17/2023 14:45,Maria Moura,-3.82831,-40.89435,female,wet
6/18/2023 10:56,Açucena ,-3.82661,-40.8923,female ,wet
6/18/2023 11:01,Açucena ,-3.82665,-40.89237,female ,wet
6/18/2023 11:08,Açucena ,-3.82648,-40.89262,female ,wet
6/18/2023 11:29,Açucena ,-3.82663,-40.89254,female ,wet
6/18/2023 11:32,Açucena ,-3.82653,-40.89267,female ,wet
6/18/2023 11:46,Açucena ,-3.82621,-40.89247,female ,wet
6/18/2023 11:56,Açucena ,-3.82651,-40.89246,female ,wet
6/18/2023 12:16,Açucena ,-3.82691,-40.89279,female ,wet
6/18/2023 12:16,Açucena ,-3.82686,-40.89278,female ,wet
6/18/2023 13:17,Açucena ,-3.82697,-40.8933,female ,wet
6/18/2023 13:17,Açucena ,-3.82689,-40.89334,female ,wet
6/18/2023 13:36,Açucena ,-3.82696,-40.89325,female ,wet
6/18/2023 15:10,Açucena ,-3.82721,-40.89472,female ,wet
6/18/2023 15:25,Açucena ,-3.82671,-40.89532,female ,wet
6/18/2023 15:37,Açucena ,-3.82657,-40.89526,female ,wet
6/18/2023 15:37,Açucena ,-3.82654,-40.89528,female ,wet
6/18/2023 15:42,Açucena ,-3.82661,-40.89567,female ,wet
7/1/2023 7:40,Xote,-3.82607,-40.89533,female,dry
7/1/2023 7:55,Xote,-3.82623,-40.89562,female,dry
7/1/2023 8:55,Xote,-3.82758,-40.89383,female,dry
7/1/2023 9:02,Xote,-3.8276,-40.89378,female,dry
7/1/2023 9:12,Xote,-3.82806,-40.89268,female,dry
7/1/2023 14:09,Xote,-3.82688,-40.89828,female,dry
7/1/2023 14:36,Xote,-3.82579,-40.89838,female,dry
7/1/2023 14:42,Xote,-3.82596,-40.89851,female,dry
7/3/2023 7:53,Tapioca,-3.82748,-40.89639,female,dry
7/3/2023 8:33,Tapioca,-3.82733,-40.89563,female,dry
7/3/2023 8:36,Tapioca,-3.82729,-40.89562,female,dry
7/3/2023 9:08,Tapioca,-3.82737,-40.89504,female,dry
7/3/2023 9:25,Tapioca,-3.82738,-40.89497,female,dry
7/3/2023 11:53,Tapioca,-3.8262,-40.89251,female,dry
7/3/2023 13:40,Tapioca,-3.82553,-40.89208,female,dry
7/3/2023 14:41,Tapioca,-3.82649,-40.89255,female,dry
7/3/2023 14:45,Tapioca,-3.82645,-40.89243,female,dry
7/3/2023 14:52,Tapioca,-3.8266,-40.8925,female,dry
7/5/2023 8:47,Maria Moura,-3.82752,-40.89236,female,dry
7/5/2023 9:08,Maria Moura,-3.82678,-40.89253,female,dry
7/5/2023 9:38,Maria Moura,-3.82661,-40.89212,female,dry
7/5/2023 10:08,Maria Moura,-3.82583,-40.8914,female,dry
7/5/2023 11:07,Maria Moura,-3.82543,-40.89116,female,dry
7/5/2023 11:54,Maria Moura,-3.82503,-40.89151,female,dry
7/5/2023 11:58,Maria Moura,-3.82497,-40.89176,female,dry
7/5/2023 12:02,Maria Moura,-3.82483,-40.89187,female,dry
7/5/2023 14:04,Maria Moura,-3.82633,-40.89282,female,dry
7/5/2023 14:11,Maria Moura,-3.82625,-40.89275,female,dry
7/5/2023 14:14,Maria Moura,-3.8262,-40.89292,female,dry
7/5/2023 14:44,Maria Moura,-3.8269,-40.89377,female,dry
7/5/2023 15:44,Maria Moura,-3.82651,-40.89551,female,dry
7/5/2023 15:53,Maria Moura,-3.82653,-40.89549,female,dry
7/5/2023 15:57,Maria Moura,-3.8264,-40.89577,female,dry
7/7/2023 8:59,Canjica,-3.82738,-40.89502,male,dry
7/7/2023 9:10,Canjica,-3.82749,-40.89474,male,dry
7/7/2023 10:20,Canjica,-3.82681,-40.89376,male,dry
7/7/2023 10:40,Canjica,-3.82646,-40.89333,male,dry
7/7/2023 12:24,Canjica,-3.82589,-40.8921,male,dry
7/7/2023 12:37,Canjica,-3.82558,-40.89184,male,dry
7/7/2023 13:09,Canjica,-3.82575,-40.89203,male,dry
7/7/2023 13:50,Canjica,-3.82607,-40.89261,male,dry
7/7/2023 14:04,Canjica,-3.8258,-40.89283,male,dry
7/7/2023 14:36,Canjica,-3.82599,-40.89239,male,dry
7/7/2023 14:51,Canjica,-3.82641,-40.89296,male,dry
7/7/2023 15:06,Canjica,-3.82667,-40.8934,male,dry
7/7/2023 15:15,Canjica,-3.82694,-40.89375,male,dry
7/9/2023 9:24,João Grilo,-3.82679,-40.8953,male,dry
7/9/2023 9:30,João Grilo,-3.82682,-40.89529,male,dry
7/9/2023 9:39,João Grilo,-3.82691,-40.8952,male,dry
7/9/2023 9:54,João Grilo,-3.82685,-40.89509,male,dry
7/9/2023 9:57,João Grilo,-3.82688,-40.89515,male,dry
7/9/2023 10:11,João Grilo,-3.82681,-40.89513,male,dry
7/9/2023 11:32,João Grilo,-3.82711,-40.89569,male,dry
7/9/2023 11:38,João Grilo,-3.82728,-40.89571,male,dry
7/9/2023 11:46,João Grilo,-3.82716,-40.89558,male,dry
7/9/2023 12:02,João Grilo,-3.82719,-40.89597,male,dry
7/9/2023 13:28,João Grilo,-3.82725,-40.89708,male,dry
7/9/2023 13:33,João Grilo,-3.8263,-40.89645,male,dry
7/9/2023 13:37,João Grilo,-3.82737,-40.89719,male,dry
7/9/2023 13:41,João Grilo,-3.82752,-40.89725,male,dry
7/9/2023 13:53,João Grilo,-3.82735,-40.89773,male,dry
7/9/2023 13:58,João Grilo,-3.82734,-40.89771,male,dry
7/9/2023 14:45,João Grilo,-3.82714,-40.89842,male,dry
7/9/2023 16:27,João Grilo,-3.82597,-40.90001,male,dry
7/11/2023 7:02,Maria Bonita,-3.82733,-40.89766,female,dry
7/11/2023 7:23,Maria Bonita,-3.82718,-40.89846,female,dry
7/11/2023 7:34,Maria Bonita,-3.82717,-40.89817,female,dry
7/11/2023 7:41,Maria Bonita,-3.82728,-40.89813,female,dry
7/11/2023 7:55,Maria Bonita,-3.82724,-40.8978,female,dry
7/11/2023 8:27,Maria Bonita,-3.82752,-40.89745,female,dry
7/11/2023 9:01,Maria Bonita,-3.82747,-40.89733,female,dry
7/11/2023 9:08,Maria Bonita,-3.82733,-40.89755,female,dry
7/11/2023 9:26,Maria Bonita,-3.82719,-40.8977,female,dry
7/11/2023 9:43,Maria Bonita,-3.82727,-40.89752,female,dry
7/11/2023 12:41,Maria Bonita,-3.82691,-40.8936,female,dry
7/11/2023 13:04,Maria Bonita,-3.82711,-40.89347,female,dry
7/11/2023 13:06,Maria Bonita,-3.82718,-40.8933,female,dry
7/11/2023 15:12,Maria Bonita,-3.82702,-40.89835,female,dry
7/11/2023 16:18,Maria Bonita,-3.82596,-40.90014,female,dry
7/13/2023 7:22,Mucunzá,-3.8273,-40.89699,male,dry
7/13/2023 9:02,Mucunzá,-3.82638,-40.89572,male,dry
7/13/2023 9:32,Mucunzá,-3.82666,-40.89512,male,dry
7/13/2023 10:08,Mucunzá,-3.82673,-40.89555,male,dry
7/13/2023 10:20,Mucunzá,-3.82705,-40.89552,male,dry
7/13/2023 11:50,Mucunzá,-3.82725,-40.89393,male,dry
7/13/2023 12:19,Mucunzá,-3.82729,-40.89352,male,dry
7/13/2023 14:16,Mucunzá,-3.82621,-40.89555,male,dry
7/13/2023 15:15,Mucunzá,-3.82623,-40.89553,male,dry
7/13/2023 15:18,Mucunzá,-3.82621,-40.89555,male,dry
7/15/2023 6:45,Fabiano,-3.82751,-40.89833,male,dry
7/15/2023 6:53,Fabiano,-3.82762,-40.89822,male,dry
7/15/2023 10:02,Fabiano,-3.82735,-40.89359,male,dry
7/15/2023 11:11,Fabiano,-3.82684,-40.89271,male,dry
7/15/2023 11:28,Fabiano,-3.82678,-40.89264,male,dry
7/15/2023 11:38,Fabiano,-3.82658,-40.89279,male,dry
7/15/2023 11:42,Fabiano,-3.82671,-40.8925,male,dry
7/15/2023 11:46,Fabiano,-3.82653,-40.89311,male,dry
7/15/2023 11:49,Fabiano,-3.82642,-40.89325,male,dry
7/15/2023 12:04,Fabiano,-3.82624,-40.89291,male,dry
7/15/2023 12:08,Fabiano,-3.82616,-40.89268,male,dry
7/15/2023 12:28,Fabiano,-3.82648,-40.89257,male,dry
7/15/2023 12:45,Fabiano,-3.82617,-40.8916,male,dry
7/15/2023 13:25,Fabiano,-3.8266,-40.89166,male,dry
7/15/2023 14:09,Fabiano,-3.82642,-40.89252,male,dry
7/15/2023 14:12,Fabiano,-3.82627,-40.89245,male,dry
7/15/2023 14:24,Fabiano,-3.82642,-40.8927,male,dry
7/15/2023 14:47,Fabiano,-3.82629,-40.89264,male,dry
7/15/2023 14:52,Fabiano,-3.82636,-40.89283,male,dry
7/15/2023 14:56,Fabiano,-3.82621,-40.89289,male,dry
7/15/2023 15:07,Fabiano,-3.82662,-40.89302,male,dry
7/15/2023 15:13,Fabiano,-3.82624,-40.89273,male,dry
7/15/2023 16:09,Fabiano,-3.82641,-40.89367,male,dry
7/15/2023 16:57,Fabiano,-3.82454,-40.8955,male,dry
7/15/2023 17:05,Fabiano,-3.82597,-40.89594,male,dry
7/15/2023 17:13,Fabiano,-3.82641,-40.8959,male,dry
7/18/2023 8:06,Cajuína,-3.82707,-40.89649,female,dry
7/18/2023 8:17,Cajuína,-3.82702,-40.89636,female,dry
7/18/2023 8:37,Cajuína,-3.82729,-40.89688,female,dry
7/18/2023 8:57,Cajuína,-3.82706,-40.89597,female,dry
7/18/2023 9:51,Açucena ,-3.82739,-40.89699,female ,dry
7/18/2023 10:48,Cajuína,-3.82745,-40.89879,female,dry
7/18/2023 10:55,Cajuína,-3.82732,-40.8988,female,dry
7/18/2023 14:07,Cajuína,-3.8256,-40.90038,female,dry
7/26/2023 12:09,Chicó,-3.8262,-40.90049,male,dry
7/26/2023 12:40,Chicó,-3.8257,-40.9007,male,dry
7/26/2023 12:53,Chicó,-3.82612,-40.90049,male,dry
7/26/2023 13:01,Chicó,-3.82616,-40.90049,male,dry
7/26/2023 13:13,Chicó,-3.82619,-40.9006,male,dry
7/26/2023 13:16,Chicó,-3.82637,-40.9007,male,dry
7/26/2023 13:23,Chicó,-3.82646,-40.90083,male,dry
7/27/2023 13:50,Açucena,-3.82532,-40.90085,female,dry
7/27/2023 14:00,Açucena ,-3.82546,-40.9005,female ,dry
7/29/2023 7:32,Baleia,-3.82721,-40.89643,female,dry
7/29/2023 7:39,Baleia,-3.82633,-40.89573,female,dry
7/29/2023 7:55,Baleia,-3.82604,-40.89566,female,dry
7/29/2023 8:06,Baleia,-3.82611,-40.89592,female,dry
